날짜,Sales Amt,Sales SU,Unit Price,금액,기온(°C),강수량(mm),풍속(m/s),습도(%),증기압(hPa),이슬점온도(°C),현지기압(hPa),해면기압(hPa),일조(hr),일사(MJ/m2),적설(cm),3시간신적설(cm),전운량(10분위),중하층운량(10분위),최저운고(100m ),시정(10m),지면온도(°C),5cm 지중온도(°C),10cm 지중온도(°C),20cm 지중온도(°C),체감온도,PM10,PM25,SO2,CO,O3,NO2
2017-10-13,2199953.0,494.0,,2199953,12.391666666666666,,3.0124999999999997,54.833333333333336,7.566666666666666,2.8541666666666665,1011.8833333333333,1022.2375000000001,0.7999999999999999,0.7841666666666667,,,3.0555555555555554,0.0,,1973.875,12.404166666666667,14.666666666666666,15.9125,17.258333333333333,13.472576028623537,,,,,,
2017-10-14,3196145.0,665.0,,3196145,12.927777777777777,,1.7222222222222223,48.388888888888886,6.866666666666666,1.2944444444444445,1015.5111111111112,1025.8722222222223,0.85,0.8083333333333332,,,3.0,1.8888888888888888,50.833333333333336,1898.4444444444443,11.100000000000001,13.855555555555556,15.538888888888888,17.033333333333335,14.598212216516462,,,,,,
2017-10-15,3032607.0,633.0,,3032607,15.558333333333332,,1.7708333333333333,40.833333333333336,7.116666666666667,1.9083333333333332,1016.9625,1027.2333333333333,0.775,0.8308333333333334,,,5.388888888888889,2.4166666666666665,53.333333333333336,1991.1666666666667,15.008333333333333,16.162499999999998,16.558333333333334,17.120833333333334,17.26787662200972,,,,,,
2017-10-16,2631252.0,492.0,,2631252,16.741666666666667,,1.8166666666666667,48.375,9.0,5.258333333333334,1016.625,1026.8333333333333,0.44166666666666665,0.6083333333333333,,,7.611111111111111,3.875,43.38461538461539,1919.375,16.8125,17.254166666666666,17.425,17.645833333333332,18.451018130627812,,,,,,
2017-10-18,2047056.0,366.0,,2047056,16.366666666666667,0.011111111111111112,2.4250000000000003,58.416666666666664,10.754166666666668,8.0,1013.1666666666666,1023.3791666666666,0.024999999999999998,0.2608333333333333,,,9.045454545454545,6.521739130434782,21.82608695652174,1942.7083333333333,15.520833333333334,16.204166666666666,16.8875,17.3875,17.68229088567603,,,,,,
2017-10-19,2048978.0,418.0,,2048978,16.995833333333334,0.0,1.9458333333333335,58.5,10.854166666666666,8.116666666666667,1009.4416666666666,1019.5791666666668,0.7666666666666666,0.7566666666666667,,,4.111111111111111,2.4583333333333335,26.53846153846154,1958.25,16.825,17.391666666666666,17.395833333333332,17.337500000000002,18.560225441447635,,,,,,
2017-10-21,3101120.0,597.0,,3101120,17.508333333333333,,1.2791666666666666,53.958333333333336,10.016666666666667,6.9375,1007.8416666666667,1017.9416666666666,0.8416666666666667,0.8125,,,0.0,0.0,,1499.7916666666667,16.5,17.4375,17.5625,17.570833333333333,19.60796213615305,,,,,,
2017-10-22,953314.0,170.0,,953314,16.333333333333332,,3.2291666666666665,50.708333333333336,9.183333333333334,5.666666666666667,1004.1083333333332,1014.2208333333333,0.7999999999999999,0.7474999999999999,,,2.3333333333333335,1.4166666666666667,14.8,1911.0,15.387500000000001,16.641666666666666,17.1125,17.379166666666666,17.62707405616045,,,,,,
2017-10-23,2955451.0,493.0,,2955451,13.829166666666666,,1.375,46.666666666666664,7.170833333333333,2.120833333333333,1007.2666666666668,1017.5,0.8416666666666667,0.7808333333333334,,,0.1111111111111111,0.25,38.0,1991.0,14.179166666666667,15.987499999999999,16.620833333333334,17.016666666666666,15.705344542075679,,,,,,
2017-10-24,2366201.0,379.0,,2366201,14.304166666666667,,1.9041666666666668,53.333333333333336,8.379166666666666,4.308333333333334,1013.2666666666668,1023.5708333333333,0.6833333333333332,0.6625,,,3.9444444444444446,1.7916666666666667,21.142857142857142,1843.5833333333333,14.345833333333333,15.745833333333332,16.283333333333335,16.729166666666668,15.724023482835344,,,,,,
2017-10-25,2781167.0,517.0,,2781167,14.4625,,1.4875,60.083333333333336,9.4,5.9375,1014.5875,1024.8833333333334,0.7916666666666666,0.7641666666666667,,,1.8333333333333333,0.375,40.25,1488.4583333333333,14.466666666666667,15.908333333333333,16.3,16.683333333333334,16.363980164815228,,,,,,
2017-10-26,3371629.0,542.0,,3371629,14.258333333333333,,1.2750000000000001,57.041666666666664,8.954166666666667,5.266666666666667,1011.5458333333332,1021.8083333333334,0.15,0.36833333333333335,,,8.444444444444445,5.666666666666667,38.42857142857143,1225.9166666666667,14.458333333333334,15.291666666666666,15.975,16.545833333333334,16.15905011640757,,,,,,
2017-10-27,3443787.0,540.0,,3443787,17.054166666666667,,1.3083333333333333,54.291666666666664,10.141666666666667,7.1625000000000005,1009.6166666666667,1019.7416666666667,0.8083333333333332,0.7058333333333334,,,2.5555555555555554,2.625,39.77777777777778,953.625,16.570833333333333,17.004166666666666,16.879166666666666,16.808333333333334,19.07392261048187,,,,,,
2017-10-28,3349363.0,515.0,,3349363,17.054166666666667,,1.9833333333333334,52.083333333333336,9.758333333333333,6.570833333333333,1010.0,1020.1374999999999,0.8166666666666668,0.7291666666666666,,,0.05555555555555555,0.0,,1507.75,15.9375,16.8125,16.833333333333332,16.920833333333334,18.66180456771191,,,,,,
2017-10-29,4806369.0,838.0,,4806369,12.258333333333333,,3.1625,48.916666666666664,7.175,0.9166666666666666,1006.8083333333334,1017.1083333333332,0.6083333333333333,0.6616666666666667,,,0.2222222222222222,0.16666666666666666,10.0,1490.5416666666667,12.104166666666666,15.158333333333333,16.2,16.825,13.226051603973913,,,,,,
2017-10-30,3474449.0,576.0,,3474449,7.6875,,2.3874999999999997,26.041666666666668,2.6875,-10.916666666666666,1014.65,1025.2375,0.8166666666666668,0.7633333333333333,,,0.0,0.0,,1982.9583333333333,9.516666666666667,12.308333333333332,13.904166666666667,15.2875,8.51805851502404,,,,,,
2017-10-31,3208889.0,72.0,3277.257575757576,3208889,9.929166666666667,,1.7708333333333333,50.916666666666664,6.425,-0.07916666666666672,1014.8249999999999,1025.3166666666666,0.7916666666666666,0.6675,,,1.4444444444444444,2.0,9.727272727272727,1889.7083333333333,11.120833333333332,12.291666666666666,13.237499999999999,14.362499999999999,11.431036667246639,,,,,,
2017-11-13,4512872.0,86.0,3195.4,4512872,7.8500000000000005,0.0,1.8375000000000001,63.666666666666664,6.829166666666667,1.1666666666666667,1007.0749999999999,1017.5708333333333,0.13636363636363635,0.2590909090909091,,,8.476190476190476,5.708333333333333,10.944444444444445,1238.5833333333333,7.179166666666667,8.216666666666667,9.108333333333333,10.4125,9.034132027315577,,,,,,
2017-11-14,4080560.0,71.0,3218.6666666666665,4080560,8.012500000000001,4.5,2.5958333333333337,45.375,4.883333333333334,-3.658333333333333,1008.1583333333333,1018.6583333333333,0.7727272727272727,0.68,,,1.3333333333333333,1.875,14.533333333333333,1699.9583333333333,6.366666666666667,8.983333333333333,9.9375,10.866666666666667,8.840108312060892,,,,,,
2017-11-15,4303716.0,83.0,3193.1971830985917,4303716,3.5652173913043477,,2.9695652173913043,39.91304347826087,3.1130434782608694,-9.082608695652175,1010.7565217391304,1021.4652173913043,0.7818181818181817,0.6672727272727272,,,3.8333333333333335,3.608695652173913,17.125,1987.9130434782608,3.260869565217391,6.534782608695653,8.117391304347825,9.778260869565218,3.7881334668526834,,,,,,
2017-11-16,4127576.0,94.0,3146.714285714286,4127576,3.307142857142857,,1.7714285714285716,23.0,1.7428571428571427,-16.235714285714288,1014.1857142857143,1024.9357142857143,0.8888888888888888,0.8144444444444444,,,0.1,0.0,,1990.857142857143,3.3071428571428574,6.071428571428571,6.814285714285715,8.214285714285714,4.34788454787845,,,,,,
2017-11-18,5466300.0,111.0,3181.4225352112676,5466300,1.0250000000000001,0.0,3.3875,42.875,2.875,-11.9375,1010.7625,1021.6,1.0,1.05,,,1.5,2.25,7.0,1348.5,2.9125,5.4,6.0375,7.2625,0.4808499093115897,,,,,,
2017-11-19,5173842.0,134.0,3176.134328358209,5173842,1.3909090909090909,,2.8363636363636364,30.545454545454547,2.018181818181818,-14.572727272727274,1015.5909090909091,1026.4545454545455,0.7999999999999999,0.7828571428571428,,,2.75,0.9090909090909091,35.75,1998.8181818181818,1.8727272727272728,3.6363636363636362,4.3,5.872727272727272,1.2660713648045352,,,,,,
2017-11-21,3846034.0,86.0,3124.514705882353,3846034,4.057142857142857,,1.3785714285714286,44.857142857142854,3.5714285714285716,-7.1571428571428575,1014.8071428571428,1025.5285714285715,0.8888888888888888,0.758888888888889,,,0.0,0.14285714285714285,15.0,1415.0,3.15,4.2785714285714285,4.45,5.471428571428571,5.532767680768886,,,,,,
2017-11-22,3482208.0,80.0,3127.285714285714,3482208,4.4750000000000005,0.5,2.3458333333333337,54.083333333333336,4.6000000000000005,-4.229166666666667,1007.8416666666667,1018.4833333333332,0.5,0.3790909090909091,,,7.0,4.625,8.894736842105264,1106.4583333333333,3.404166666666667,4.7250000000000005,5.308333333333334,6.154166666666666,5.070114269492906,,,,,,
2017-11-23,3814846.0,71.0,3135.9295774647885,3814846,1.9388888888888889,0.0,2.4722222222222223,44.388888888888886,3.1166666666666667,-9.05,1009.9000000000001,1020.6666666666666,0.6799999999999999,0.5229999999999999,0.1,,5.076923076923077,4.235294117647059,12.307692307692308,1906.388888888889,1.3888888888888888,3.461111111111111,4.6,5.961111111111111,2.2880678438902047,,,,,,
2017-11-24,3692096.0,89.0,3084.8285714285716,3692096,1.588888888888889,,3.033333333333333,47.77777777777778,3.2555555555555555,-8.722222222222221,1013.9333333333333,1024.7555555555555,0.8777777777777778,0.6877777777777778,0.8,,1.7777777777777777,1.7777777777777777,13.555555555555555,1922.888888888889,3.7333333333333334,5.366666666666666,5.077777777777778,5.733333333333333,1.3415202497081946,,,,,,
2017-11-25,4131988.0,88.0,3094.731343283582,4131988,5.471428571428571,6.0,1.7285714285714284,83.0,7.6000000000000005,2.6785714285714284,1010.7857142857143,1021.4,0.23333333333333334,0.21111111111111114,,,9.416666666666666,7.857142857142857,9.071428571428571,834.3571428571429,3.6785714285714284,3.9642857142857144,4.085714285714286,5.1000000000000005,6.637239247329086,,,,,,
2017-11-26,1071478.0,19.0,,1071478,4.008333333333334,,1.8875,73.125,5.879166666666666,-1.0625,1013.8083333333334,1024.5333333333333,0.6181818181818182,0.5409090909090909,,,5.777777777777778,4.608695652173913,10.384615384615385,990.5416666666666,4.054166666666666,5.429166666666667,5.7625,6.158333333333334,5.050611612461935,,,,,,
2017-11-27,3576021.0,74.0,,3576021,5.128571428571428,,1.5214285714285716,45.5,3.914285714285714,-5.964285714285714,1015.3857142857142,1026.0785714285714,0.875,0.81375,,,0.0,0.0,,1363.2142857142858,3.3285714285714287,5.021428571428571,5.135714285714286,5.778571428571429,6.391968236267771,,,,,,
2017-11-28,4202181.0,69.0,3116.5942028985505,4202181,5.9624999999999995,,1.0833333333333333,61.291666666666664,5.729166666666667,-1.0999999999999999,1011.9208333333332,1022.5416666666666,0.3090909090909091,0.38272727272727275,,,7.684210526315789,5.6521739130434785,18.210526315789473,712.0,4.329166666666667,5.029166666666667,5.291666666666667,5.9125000000000005,7.820276248236943,,,,,,
2017-11-29,3897249.0,65.0,3132.8088235294117,3897249,4.671428571428571,0.25,2.6666666666666665,55.095238095238095,4.961904761904762,-4.876190476190476,1014.6333333333333,1025.3285714285714,0.7636363636363637,0.64,,,5.5,3.7142857142857144,18.9,1251.7619047619048,5.261904761904762,6.723809523809523,6.838095238095238,7.009523809523809,5.0426434702890965,,,,,,
2017-11-30,3961207.0,72.0,,3961207,1.3599999999999999,,3.5200000000000005,15.6,1.02,-22.04,1016.5,1027.34,,,,,0.0,0.0,,1995.8,2.36,4.779999999999999,4.34,5.48,0.7321226881013254,,,,,,
2017-12-13,3951009.0,91.0,3056.4,3951009,,,,,,,,,,,,,,,,,,,,,,,,,,,
2017-12-14,4276521.0,102.0,3049.1917808219177,4276521,,,,,,,,,,,,,,,,,,,,,,,,,,,
2017-12-15,4038105.0,74.0,3181.3661971830984,4038105,0.39999999999999997,0.0,1.3499999999999999,40.833333333333336,2.5833333333333335,-11.383333333333333,1013.6666666666666,1024.5666666666666,0.10000000000000002,0.18333333333333335,,,9.8,6.833333333333333,7.666666666666667,1228.5,-0.04999999999999999,-0.05000000000000001,-0.13333333333333333,0.8000000000000002,1.7832299270633774,,,,,,
2017-12-16,5478781.0,129.0,3091.848484848485,5478781,,,,,,,,,,,,,,,,,,,,,,,,,,,
2017-12-18,4036937.0,76.0,3072.373134328358,4036937,1.3299999999999998,0.0,1.6,76.3,5.13,-2.3899999999999997,1014.24,1025.0700000000002,0.54,0.27799999999999997,2.87,0.0,4.333333333333333,4.333333333333333,8.9,600.2,-0.64,-0.29,-0.3,0.45999999999999996,2.5572896952702644,,,,,,
2017-12-19,4045203.0,80.0,3111.521126760563,4045203,,,,,,,,,,,,,,,,,,,,,,,,,,,
2017-12-21,4081399.0,83.0,3204.6417910447763,4081399,2.611111111111111,,1.5,54.77777777777778,3.988888888888889,-5.833333333333333,1020.2222222222222,1031.0666666666666,0.8571428571428571,0.6428571428571429,1.1555555555555557,,0.0,0.0,,1178.6666666666667,0.7222222222222222,0.022222222222222227,-0.1888888888888889,0.4666666666666667,3.830556004919354,,,,,,
2017-12-22,4283633.0,88.0,3127.0298507462685,4283633,4.833333333333333,,1.2,62.4,5.406666666666666,-1.7933333333333332,1014.7333333333333,1025.44,0.31,0.341,0.55,,7.454545454545454,7.866666666666666,9.2,787.0,0.9,0.14666666666666667,-0.02666666666666667,0.5266666666666667,6.5832020329113385,,,,,,
2017-12-23,7526769.0,126.0,3136.4225352112676,7526769,6.129166666666666,,1.1583333333333334,75.58333333333333,7.083333333333333,2.0208333333333335,1012.35,1022.9791666666666,0.35454545454545455,0.29818181818181816,,,7.944444444444445,7.375,6.166666666666667,338.625,1.6500000000000001,0.49583333333333335,0.0,0.6,7.8701855838044095,,,,,,
2017-12-24,1435451.0,30.0,3014.3703703703704,1435451,3.4583333333333335,4.0,1.825,82.79166666666667,6.575,0.7083333333333334,1003.5291666666667,1014.1708333333332,0.0,0.06363636363636363,,,9.055555555555555,5.608695652173913,5.55,359.3333333333333,1.5583333333333333,0.6916666666666668,0.03333333333333333,0.65,4.545630671451186,,,,,,
2017-12-25,6674372.0,156.0,3077.4057971014495,6674372,0.4,,2.25,27.5,1.75,-16.2,1012.8,1023.7,1.0,0.74,,,0.0,0.0,,2000.0,0.4,0.25,0.2,0.9,0.6145932128235081,,,,,,
2017-12-26,5530720.0,103.0,3203.623188405797,5530720,,,,,,,,,,,,,,,,,,,,,,,,,,,
2017-12-27,4084072.0,82.0,2987.3432835820895,4084072,,,,,,,,,,,,,,,,,,,,,,,,,,,
2017-12-28,5301672.0,121.0,2950.5694444444443,5301672,0.37142857142857144,,1.757142857142857,57.0,3.585714285714286,-7.2,1018.0,1028.9,0.26,0.404,,,8.714285714285714,8.714285714285714,7.0,1177.5714285714287,0.3,0.028571428571428574,0.0,0.8,1.1314435423284233,,,,,,
2017-12-29,8700232.0,128.0,2996.8815789473683,8700232,2.1958333333333333,0.0,1.175,65.0,4.6499999999999995,-3.7458333333333336,1016.3375,1027.1666666666667,0.3727272727272727,0.3518181818181818,,,6.105263157894737,6.434782608695652,7.590909090909091,523.625,0.2625,0.09583333333333334,0.05000000000000001,0.8250000000000001,4.1179846781944685,,,,,,
2017-12-30,14968292.0,252.0,2956.027397260274,14968292,2.5933333333333333,0.25,1.0333333333333334,75.4,5.52,-1.4933333333333332,1013.0533333333333,1023.8266666666666,0.0,0.225,,,9.6,7.933333333333334,5.6,194.93333333333334,0.42,0.10666666666666667,0.12666666666666668,0.9066666666666666,4.418892990689613,,,,,,
2017-12-31,11523218.0,252.0,,11523218,1.3846153846153846,0.6,2.8,53.23076923076923,3.5076923076923077,-8.761538461538462,1012.0461538461539,1022.8615384615385,0.8875,0.74375,0.8571428571428571,0.6,3.3333333333333335,2.3076923076923075,1.5,1242.076923076923,0.2692307692307692,0.24615384615384617,0.23076923076923078,0.9384615384615385,1.3204823848085243,,,,,,
2018-01-13,7352430.0,185.0,2945.5405405405404,7352430,,,,,,,,,,,,,,,,,,,,,,,,,,,
2018-01-14,2625234.0,59.0,2854.688524590164,2625234,3.533333333333333,,0.9666666666666667,54.416666666666664,4.266666666666667,-4.808333333333334,1015.9333333333334,1026.6916666666666,0.6285714285714287,0.5142857142857143,,,7.875,7.25,10.916666666666666,887.75,1.0583333333333333,0.125,-0.325,-0.10833333333333334,5.523780845918535,,,,,,
2018-01-15,14261520.0,240.0,2964.917808219178,14261520,4.708333333333333,0.1,1.4791666666666667,63.916666666666664,5.4125000000000005,-1.9124999999999999,1012.9083333333333,1023.5958333333333,0.5909090909090909,0.42454545454545456,,,7.555555555555555,5.541666666666667,20.470588235294116,639.5833333333334,1.5,0.3666666666666667,-0.075,-0.012500000000000002,6.074915799892163,,,,,,
2018-01-16,23830938.0,331.0,3089.1066666666666,23830938,3.279166666666667,0.0,0.7583333333333333,59.458333333333336,4.55,-3.983333333333333,1008.1041666666666,1018.7958333333332,0.045454545454545456,0.21818181818181817,,,9.555555555555555,7.043478260869565,25.714285714285715,428.5416666666667,0.5375,0.275,-0.008333333333333333,0.012500000000000002,5.610344314416796,,,,,,
2018-01-17,30768550.0,443.0,3019.917808219178,30768550,4.55,,1.2291666666666667,63.416666666666664,5.341666666666666,-1.8791666666666667,1006.9791666666666,1017.6,0.43636363636363634,0.3790909090909091,,,7.388888888888889,5.521739130434782,16.55,350.125,1.7750000000000001,0.7416666666666667,0.0,0.10416666666666667,6.360278447548868,,,,,,
2018-01-19,22554462.0,275.0,3005.883116883117,22554462,2.48,,1.8,36.86666666666667,2.6199999999999997,-11.393333333333334,1013.1666666666666,1023.9533333333333,0.9222222222222223,0.71,,,3.5454545454545454,0.6,73.0,1569.6666666666667,0.5466666666666666,0.6799999999999999,0.013333333333333334,0.35333333333333333,3.51688853695395,,,,,,
2018-01-21,33000842.0,446.0,2988.0416666666665,33000842,3.41,,1.51,22.8,1.77,-16.05,1012.57,1023.32,0.85,0.6575,,,0.125,0.0,,1783.7,0.65,0.31999999999999995,0.030000000000000006,0.5,4.70573532619254,,,,,,
2018-01-22,17352118.0,224.0,3013.4054054054054,17352118,1.7461538461538462,1.65,1.0538461538461539,51.30769230769231,3.6076923076923078,-8.646153846153847,1004.376923076923,1015.0846153846154,0.06999999999999999,0.191,0.6,1.0,9.384615384615385,7.846153846153846,13.23076923076923,1233.3846153846155,-0.08461538461538462,0.1076923076923077,0.1076923076923077,0.5923076923076922,3.732973857740293,,,,,,
2018-01-23,12899900.0,181.0,2992.625,12899900,,,,,,,,,,,,,,,,,,,,,,,,,,,
2018-01-24,15578940.0,248.0,3002.125,15578940,,,,,,,,,,,,,,,,,,,,,,,,,,,
2018-01-25,43255766.0,1003.0,2935.635135135135,43255766,,,,,,,,,,,,,,,,,,,,,,,,,,,
2018-01-26,8913839.0,153.0,,8913839,,,,,,,,,,,,,,,,,,,,,,,,,,,
2018-01-27,11127092.0,233.0,3061.4202898550725,11127092,,,,,,,,,,,,,,,,,,,,,,,,,,,
2018-01-28,2721038.0,67.0,2853.9454545454546,2721038,,,,,,,,,,,,,,,,,,,,,,,,,,,
2018-01-29,8452344.0,162.0,3044.68115942029,8452344,,,,,,,,,,,,,,,,,,,,,,,,,,,
2018-01-30,6740634.0,135.0,3133.910447761194,6740634,,,,,,,,,,,,,,,,,,,,,,,,,,,
2018-01-31,6615536.0,140.0,3345.205882352941,6615536,,,,,,,,,,,,,,,,,,,,,,,,,,,
2018-02-13,5694763.0,194.0,3069.6,5694763,2.8166666666666664,,3.65,48.833333333333336,3.65,-7.0249999999999995,1010.1416666666668,1020.8583333333332,0.6875,1.28,,,5.375,6.583333333333333,12.4,1953.9166666666667,2.183333333333333,0.09999999999999999,-0.7999999999999999,-0.9249999999999999,2.280761682845384,,,,,,
2018-02-14,7022141.0,221.0,3049.2985074626868,7022141,3.7652173913043474,,2.4434782608695653,54.608695652173914,4.408695652173913,-5.0826086956521745,1005.9826086956521,1016.6391304347826,0.27499999999999997,0.5766666666666667,,,6.5,4.260869565217392,15.38888888888889,1372.0,1.1043478260869566,0.1391304347826087,-0.2434782608695652,-0.41739130434782606,4.3716321797397475,,,,,,
2018-02-15,7686121.0,256.0,3103.0151515151515,7686121,1.9444444444444444,,3.0444444444444443,18.11111111111111,1.2777777777777777,-19.933333333333334,1010.9444444444445,1021.7222222222222,0.8333333333333334,1.4566666666666666,,,6.625,0.0,,1990.5555555555557,3.3333333333333335,0.8111111111111111,-0.15555555555555556,-0.3,1.7074112070033902,,,,,,
2018-02-16,2640729.0,92.0,3104.0526315789475,2640729,2.090909090909091,,2.790909090909091,39.45454545454545,2.7181818181818183,-11.69090909090909,1006.8181818181819,1017.5454545454545,0.8555555555555556,1.3577777777777778,,,4.222222222222222,1.1818181818181819,11.5,1895.7272727272727,2.309090909090909,0.5272727272727272,-0.29090909090909095,-0.2818181818181818,2.1214728464274732,,,,,,
2018-02-17,6182765.0,235.0,3117.646153846154,6182765,0.9666666666666667,,4.033333333333333,15.333333333333334,1.0,-22.566666666666666,1014.4,1025.3,1.0,1.5133333333333334,,,2.3333333333333335,0.0,,2000.0,3.6999999999999997,1.2666666666666666,-0.3333333333333333,-0.3,0.007477582174249757,,,,,,
2018-02-19,6281399.0,190.0,3042.0588235294117,6281399,3.9,,1.9142857142857144,48.57142857142857,3.8214285714285716,-6.335714285714286,1012.5,1023.2142857142857,0.39,0.951,,,7.3,0.16666666666666666,55.0,909.8571428571429,2.5928571428571425,0.6785714285714286,-0.17142857142857146,-0.2285714285714286,4.779437916515746,,,,,,
2018-02-21,5846781.0,160.0,3028.4857142857145,5846781,2.6750000000000003,,3.0125,15.75,1.1625,-21.0,1012.65,1023.4125,0.975,1.6775,,,3.75,0.0,,1963.875,4.95,1.275,-0.15000000000000002,-0.2,2.533613724018357,,,,,,
2018-02-22,5420397.0,165.0,3153.5,5420397,3.6714285714285713,,2.9857142857142853,54.07142857142857,4.314285714285714,-4.821428571428571,1009.6714285714286,1020.3642857142858,0.54,0.8800000000000001,,,6.9,6.571428571428571,9.76923076923077,1216.142857142857,2.3642857142857143,0.39285714285714285,-0.15,-0.17857142857142858,3.7673894400090306,,,,,,
2018-02-23,9080667.0,232.0,3128.4861111111113,9080667,4.322727272727272,2.0500000000000003,2.0500000000000003,79.45454545454545,6.513636363636365,0.8363636363636363,1009.6545454545455,1020.3181818181819,0.43636363636363634,0.8527272727272728,3.1,2.0500000000000003,7.666666666666667,7.636363636363637,6.65,255.4090909090909,1.8227272727272728,0.8181818181818182,-0.06818181818181818,-0.17272727272727273,5.362008383471953,,,,,,
2018-02-24,15391541.0,378.0,3404.4931506849316,15391541,2.9086956521739133,,2.356521739130435,53.26086956521739,3.930434782608696,-7.221739130434782,1016.3652173913044,1027.1521739130435,0.6333333333333333,1.0908333333333333,,,6.277777777777778,1.5454545454545454,3.25,929.6086956521739,2.5521739130434784,1.3652173913043477,0.05652173913043478,-0.11739130434782609,3.3067525024817797,,,,,,
2018-02-25,2591858.0,76.0,3102.8035714285716,2591858,4.369230769230769,,2.5846153846153848,33.30769230769231,2.6384615384615384,-11.238461538461538,1013.8076923076923,1024.5153846153846,0.89,1.568,,,0.0,0.0,,1748.0,3.9615384615384617,2.4076923076923076,0.3923076923076923,-0.1,4.671461772801573,,,,,,
2018-02-26,8879688.0,215.0,3102.7123287671234,8879688,6.121428571428572,,1.7571428571428573,32.07142857142857,2.9714285714285715,-9.557142857142859,1013.5142857142857,1024.15,0.89,1.553,,,0.5,0.7142857142857143,44.0,1213.2857142857142,3.9785714285714286,2.257142857142857,0.65,-0.09285714285714286,7.3086663446810105,,,,,,
2018-02-27,11703705.0,270.0,2924.957142857143,11703705,4.008333333333334,,0.9,47.0,3.8791666666666664,-6.341666666666666,1012.5958333333333,1023.3083333333334,0.0,0.2383333333333333,,,7.944444444444445,7.565217391304348,12.636363636363637,872.1666666666666,0.4708333333333334,0.5208333333333334,0.12083333333333333,-0.09583333333333334,6.140303004914845,,,,,,
2018-02-28,10832716.0,221.0,2850.6119402985073,10832716,4.8500000000000005,7.666666666666667,2.1041666666666665,70.08333333333333,5.925,-0.5875,1001.5875,1012.1458333333334,0.0,0.1425,,,9.954545454545455,8.434782608695652,16.75,640.0,1.9958333333333333,1.5666666666666667,0.6333333333333333,-0.05000000000000001,5.5632109922435165,,,,,,
2018-03-13,14964297.0,279.0,3312.6447368421054,14964297,11.65,,1.7249999999999999,59.25,8.362499999999999,3.641666666666667,1008.4499999999999,1018.775,0.5076923076923077,1.09,,,5.444444444444445,5.478260869565218,8.055555555555555,973.7916666666666,10.254166666666666,9.233333333333333,7.708333333333333,6.529166666666666,13.455456751134001,,,,,,
2018-03-14,8103183.0,148.0,3303.064935064935,8103183,16.775000000000002,,2.2624999999999997,60.041666666666664,11.183333333333332,8.591666666666667,1008.6916666666666,1018.8000000000001,0.6076923076923078,1.1892307692307693,,,7.333333333333333,7.125,9.090909090909092,1774.9583333333333,14.975,13.429166666666667,11.075000000000001,8.966666666666667,18.304675464842145,,,,,,
2018-03-15,7148989.0,139.0,,7148989,13.0,3.857142857142857,2.0124999999999997,91.29166666666667,13.595833333333333,11.424999999999999,1003.3083333333334,1013.5375,0.0,0.11307692307692309,,,9.631578947368421,8.375,2.8260869565217392,613.7916666666666,12.183333333333332,11.950000000000001,11.279166666666667,10.195833333333333,14.335160927972195,,,,,,
2018-03-16,7969695.0,149.0,3347.027397260274,7969695,7.354166666666667,,1.9000000000000001,50.041666666666664,5.041666666666667,-2.970833333333333,1013.1041666666666,1023.6583333333333,0.8461538461538461,1.6276923076923078,,,2.1666666666666665,2.5217391304347827,10.333333333333334,1989.5,9.549999999999999,10.279166666666667,10.020833333333334,9.429166666666667,8.37708514547293,,,,,,
2018-03-17,10830496.0,216.0,3063.5810810810813,10830496,6.383333333333333,,1.5958333333333332,47.916666666666664,4.475,-4.370833333333334,1016.8583333333332,1027.5041666666666,0.7,1.3746153846153848,,,4.0,1.2083333333333333,51.333333333333336,1659.0416666666667,7.833333333333333,8.395833333333334,8.5,8.441666666666666,7.837935224495635,,,,,,
2018-03-19,6041844.0,123.0,3494.5857142857144,6041844,8.020833333333334,0.21428571428571427,2.379166666666667,68.75,7.3,2.220833333333333,1005.9333333333334,1016.3874999999999,0.0,0.2561538461538462,,,9.95,6.875,14.458333333333334,1316.5,7.416666666666667,7.995833333333334,8.166666666666666,8.137500000000001,8.887647492646913,,,,,,
2018-03-21,5378020.0,111.0,3409.6,5378020,2.129166666666667,0.25,1.75,59.625,4.2375,-5.658333333333334,1008.1458333333334,1018.8708333333334,0.03076923076923077,0.4715384615384615,,,9.9,6.5,15.652173913043478,1783.875,3.4333333333333336,4.633333333333334,5.5625,6.291666666666667,3.0341871354282026,,,,,,
2018-03-22,6180884.0,125.0,3092.373134328358,6180884,4.8500000000000005,,2.2291666666666665,62.25,5.05,-2.6625,1004.2875,1014.85,0.823076923076923,1.573076923076923,,,2.6666666666666665,0.75,8.833333333333334,1232.875,7.295833333333333,7.091666666666666,6.691666666666666,6.370833333333334,5.58823904835027,,,,,,
2018-03-23,9824902.0,172.0,3098.554054054054,9824902,6.075,,1.9375,57.208333333333336,5.070833333333334,-2.6916666666666664,1008.6791666666667,1019.2375000000001,0.6692307692307692,1.4676923076923079,,,4.333333333333333,2.9565217391304346,13.6,800.0833333333334,8.008333333333333,8.1,7.716666666666666,7.2749999999999995,7.166326246689721,,,,,,
2018-03-24,37559731.0,615.0,3419.8765432098767,37559731,7.479166666666667,,2.2041666666666666,59.708333333333336,6.304166666666667,-0.17916666666666659,1011.5833333333334,1022.1166666666667,0.5538461538461539,1.1807692307692308,,,5.277777777777778,5.869565217391305,10.95,448.25,8.9125,8.820833333333333,8.370833333333334,7.883333333333333,8.516778274648408,,,,,,
2018-03-25,26193059.0,390.0,3484.275,26193059,9.625,,1.7625,65.83333333333333,7.5125,2.7916666666666665,1013.975,1024.4541666666667,0.7307692307692307,1.4707692307692308,,,4.0,3.9565217391304346,3.5,264.1666666666667,11.391666666666666,10.924999999999999,9.929166666666667,8.920833333333333,11.03635497819792,,,,,,
2018-03-26,175889091.0,2203.0,3422.3636363636365,175889091,10.799999999999999,,1.9916666666666665,65.5,7.8374999999999995,3.3625000000000003,1011.5916666666667,1021.9875000000001,0.7,1.4661538461538461,,,4.105263157894737,3.391304347826087,6.444444444444445,460.0,12.279166666666667,11.858333333333334,10.9,9.862499999999999,12.190007042842899,,,,,,
2018-03-27,125446124.0,1681.0,3430.0337078651687,125446124,13.083333333333334,,1.5999999999999999,60.25,8.991666666666667,5.179166666666666,1007.5958333333333,1017.8541666666666,0.6076923076923078,1.2292307692307693,,,3.388888888888889,3.869565217391304,10.375,490.5833333333333,12.525,12.179166666666667,11.291666666666666,10.366666666666667,14.904730789686761,,,,,,
2018-03-28,79756876.0,1002.0,3433.3488372093025,79756876,13.966666666666667,,2.1875,65.70833333333333,10.2125,7.2625,1006.5041666666666,1016.7208333333333,0.4,1.0723076923076922,,,4.0,3.2083333333333335,16.5,871.1666666666666,12.929166666666667,12.545833333333334,11.762500000000001,10.887500000000001,15.501821435825358,,,,,,
2018-03-29,77014096.0,1042.0,3460.635294117647,77014096,15.545833333333334,,1.6958333333333335,66.79166666666667,11.420833333333334,8.904166666666667,1009.2958333333332,1019.4875000000001,0.5769230769230769,1.143076923076923,,,5.722222222222222,4.181818181818182,6.428571428571429,539.4166666666666,15.154166666666667,14.483333333333334,13.129166666666668,11.758333333333333,17.317913851420244,,,,,,
2018-03-30,45785059.0,652.0,3417.1348314606744,45785059,14.670833333333334,,1.7791666666666668,55.041666666666664,8.683333333333334,4.6125,1012.625,1022.875,0.7615384615384616,1.5392307692307694,,,0.5,0.375,13.0,906.4166666666666,14.704166666666666,14.208333333333334,13.279166666666667,12.204166666666666,16.361238738369288,,,,,,
2018-03-31,57020888.0,834.0,3384.4772727272725,57020888,13.941666666666668,,1.8958333333333333,54.041666666666664,8.170833333333333,3.9416666666666664,1010.3000000000001,1020.5500000000001,0.6076923076923078,1.3138461538461537,,,3.6666666666666665,3.0,14.133333333333333,1230.75,14.35,13.975,13.366666666666667,12.491666666666667,15.569769123064608,,,,,,
2018-04-13,16150496.0,248.0,3606.0833333333335,16150496,14.291666666666666,,1.4000000000000001,22.25,3.5083333333333333,-7.516666666666667,1012.1916666666666,1022.4458333333333,0.19285714285714287,0.9057142857142857,,,8.333333333333334,6.565217391304348,39.0625,1997.8333333333333,12.075000000000001,12.362499999999999,12.191666666666668,12.008333333333333,16.111401228950808,,,,,,
2018-04-14,21460841.0,373.0,3539.070588235294,21460841,9.5875,0.6,1.8291666666666666,75.16666666666667,8.645833333333334,4.466666666666667,1000.2333333333332,1010.5583333333334,0.02142857142857143,0.2492857142857143,,,9.789473684210526,7.0,8.130434782608695,1388.7916666666667,9.908333333333333,10.674999999999999,11.325000000000001,11.558333333333332,10.866034312378934,,,,,,
2018-04-15,44221738.0,675.0,3519.735632183908,44221738,9.4125,,2.3375,67.70833333333333,7.804166666666666,3.420833333333333,1001.7375000000001,1012.1041666666666,0.5733333333333334,1.1526666666666665,,,4.166666666666667,3.75,9.85,1301.125,11.354166666666666,11.441666666666668,11.316666666666668,11.0625,10.364879498369993,,,,,,
2018-04-16,22297788.0,340.0,3511.263736263736,22297788,11.429166666666667,,1.5999999999999999,43.875,5.5,-1.5333333333333332,1008.8874999999999,1019.2125,0.8200000000000001,1.6526666666666665,,,0.8888888888888888,0.0,,1836.6666666666667,12.758333333333333,12.700000000000001,12.15,11.5625,13.127095608701994,,,,,,
2018-04-17,22721211.0,349.0,3484.7078651685392,22721211,12.808333333333332,,1.8125,36.916666666666664,5.270833333333333,-2.1333333333333333,1009.7041666666668,1020.0,0.8133333333333332,1.602,,,1.0,0.0,,1622.0416666666667,13.733333333333334,13.495833333333332,13.0,12.316666666666668,14.540107106408763,,,,,,
2018-04-19,27730393.0,377.0,3413.451612903226,27730393,13.7875,,1.925,37.541666666666664,5.604166666666667,-1.425,1007.4791666666666,1017.7208333333333,0.76,1.4906666666666666,,,0.1111111111111111,0.8636363636363636,13.333333333333334,1163.2916666666667,16.845833333333335,14.504166666666668,13.862499999999999,13.158333333333333,15.417225393594462,,,,,,
2018-04-21,43950188.0,605.0,3464.0227272727275,43950188,18.662499999999998,,1.8291666666666666,35.333333333333336,6.595833333333334,-0.12916666666666668,1008.0124999999999,1018.0500000000001,0.8266666666666667,1.7426666666666668,,,2.7777777777777777,0.21739130434782608,53.0,1292.7083333333333,20.650000000000002,17.779166666666665,16.625,15.3375,20.64753145830463,,,,,,
2018-04-22,7263709.0,99.0,3439.310810810811,7263709,16.033333333333335,0.9,1.0666666666666667,52.541666666666664,9.3125,5.458333333333333,1008.0958333333333,1018.2458333333334,0.0,0.3393333333333333,,,9.181818181818182,5.458333333333333,12.130434782608695,1578.9166666666667,14.495833333333332,14.9125,15.174999999999999,14.987499999999999,18.147706449522996,,,,,,
2018-04-23,13522545.0,206.0,3251.7195121951218,13522545,9.424999999999999,2.5416666666666665,2.2083333333333335,93.79166666666667,11.029166666666667,8.416666666666666,1005.35,1015.75,0.0,0.17266666666666666,,,10.0,7.791666666666667,5.541666666666667,721.0416666666666,10.029166666666667,11.004166666666668,12.045833333333334,12.754166666666668,10.32502474608035,,,,,,
2018-04-24,12788576.0,198.0,,12788576,12.195833333333333,0.42857142857142855,1.4124999999999999,65.20833333333333,9.054166666666667,5.2375,1001.5791666666668,1011.8125,0.0,0.676,,,9.45,7.217391304347826,13.047619047619047,1938.4583333333333,12.279166666666667,12.541666666666666,12.320833333333333,12.174999999999999,13.85222767741017,,,,,,
2018-04-25,10017323.0,166.0,3488.185185185185,10017323,14.245833333333332,,1.4708333333333332,38.791666666666664,5.829166666666667,-0.8083333333333332,1003.1875,1013.3583333333332,0.8266666666666667,1.6646666666666665,,,0.4444444444444444,0.0,,1880.3333333333333,15.033333333333333,14.049999999999999,13.283333333333333,12.658333333333333,16.428658669671226,,,,,,
2018-04-26,11684184.0,200.0,3367.493670886076,11684184,15.0875,,1.8708333333333333,50.083333333333336,8.112499999999999,3.875,1003.725,1013.8708333333334,0.7799999999999999,1.458,,,4.888888888888889,0.0,54.0,1355.6666666666667,17.141666666666666,15.591666666666667,14.958333333333334,14.133333333333333,16.800303829478448,,,,,,
2018-04-27,11648290.0,183.0,3175.8076923076924,11648290,15.575000000000001,,1.7041666666666666,51.708333333333336,8.854166666666666,5.133333333333334,1003.8583333333332,1013.9958333333334,0.7533333333333334,1.5266666666666668,,,0.2222222222222222,0.34782608695652173,16.666666666666668,985.75,18.883333333333333,16.645833333333332,15.799999999999999,14.795833333333334,17.270521502441664,,,,,,
2018-04-28,18449644.0,273.0,3484.654761904762,18449644,15.508333333333333,,2.025,50.5,8.25,3.875,1006.2708333333334,1016.4333333333334,0.8266666666666667,1.736,,,0.0,0.0,,1153.2083333333333,19.679166666666667,17.333333333333332,16.641666666666666,15.625,17.154060497481,,,,,,
2018-04-29,17095240.0,289.0,3484.9634146341464,17095240,15.870833333333332,,1.9000000000000001,43.125,7.308333333333334,2.441666666666667,1003.5500000000001,1013.6666666666666,0.7733333333333333,1.6333333333333333,,,1.5,0.08333333333333333,75.0,1252.7083333333333,19.766666666666666,17.2375,16.645833333333332,15.804166666666667,17.6062840824542,,,,,,
2018-04-30,19498175.0,258.0,3235.7073170731705,19498175,18.833333333333332,,1.5875000000000001,60.375,13.058333333333335,10.691666666666668,1004.1916666666666,1014.1875,0.6133333333333333,1.3826666666666665,,,5.111111111111111,4.0,7.235294117647059,495.3333333333333,22.75,19.483333333333334,18.099999999999998,16.741666666666667,20.797043190700876,,,,,,
2018-05-13,1741265.0,35.0,3493.55737704918,1741265,15.950000000000001,0.1,1.8083333333333333,83.625,14.879166666666668,12.866666666666667,997.9041666666667,1007.9375,0.46,1.0913333333333335,,,7.7,6.708333333333333,5.111111111111111,683.1666666666666,18.658333333333335,18.216666666666665,17.554166666666667,16.908333333333335,17.588522183429536,,,,,,
2018-05-14,10421527.0,157.0,3571.214285714286,10421527,17.741666666666667,,1.3916666666666666,72.41666666666667,14.3125,12.233333333333334,1001.35,1011.3666666666667,0.48000000000000004,1.2793333333333334,,,6.5,5.565217391304348,4.8,364.2083333333333,20.808333333333334,19.425,18.537499999999998,17.679166666666667,19.758759114345352,,,,,,
2018-05-15,9948053.0,142.0,3491.453488372093,9948053,22.6875,,1.0791666666666666,56.458333333333336,14.879166666666668,12.729166666666666,1000.25,1010.0749999999999,0.5933333333333334,1.412,,,7.722222222222222,1.7916666666666667,12.5,790.5833333333334,25.41304347826087,21.179166666666667,19.9625,18.641666666666666,24.95914017268632,,,,,,
2018-05-16,5367697.0,83.0,3623.3376623376626,5367697,22.420833333333334,2.119047619047619,1.8,90.66666666666667,24.395833333333332,20.641666666666666,995.4041666666667,1005.1750000000001,0.0,0.10666666666666667,,,10.0,8.75,4.333333333333333,466.7916666666667,21.570833333333336,21.295833333333334,20.825,19.841666666666665,24.40156516948861,,,,,,
2018-05-17,3610036.0,68.0,3546.25,3610036,21.1375,3.5869565217391304,1.1666666666666667,95.875,23.97083333333333,20.366666666666667,994.225,1004.0304347826087,0.0,0.264,,,10.0,8.375,2.9166666666666665,750.875,21.679166666666664,21.2,20.770833333333332,20.025000000000002,23.293714683150657,,,,,,
2018-05-19,4855979.0,91.0,3369.5789473684213,4855979,17.52173913043478,,1.5434782608695652,49.130434782608695,9.317391304347826,5.873913043478261,1005.3782608695652,1015.4391304347826,0.8642857142857142,2.0478571428571426,,,0.0,0.0,,1996.0869565217392,19.977272727272727,20.082608695652173,19.58695652173913,18.98695652173913,19.331159202723434,,,,,,
2018-05-21,3334390.0,62.0,3144.734375,3334390,19.422222222222224,,1.6055555555555554,41.94444444444444,9.45,5.405555555555555,1007.6611111111112,1017.6611111111112,0.6307692307692307,1.8523076923076922,,,4.461538461538462,1.3888888888888888,23.833333333333332,1816.1666666666667,25.894444444444446,21.344444444444445,19.827777777777776,18.47222222222222,21.365433669877817,,,,,,
2018-05-22,3793207.0,77.0,3420.9859154929577,3793207,18.72,1.0,1.15,72.55,15.41,13.315000000000001,1002.2299999999999,1012.2,0.19285714285714287,0.7721428571428571,,,9.333333333333334,5.052631578947368,11.473684210526315,1072.5,21.015,19.86,19.525,18.919999999999998,20.805400664579956,,,,,,
2018-05-23,6683159.0,101.0,3273.3561643835615,6683159,17.454166666666666,2.0,2.6999999999999997,62.0,11.720833333333333,8.920833333333333,998.25,1008.2375000000001,0.8466666666666666,1.9466666666666665,,,2.8,2.130434782608696,4.285714285714286,1652.75,21.033333333333335,20.625,19.966666666666665,19.083333333333332,18.86265961512798,,,,,,
2018-05-24,10438841.0,138.0,3490.867469879518,10438841,17.958333333333332,,2.2583333333333333,47.083333333333336,9.534782608695652,6.139130434782608,999.5,1009.4791666666666,0.8333333333333334,1.8013333333333332,,,0.7368421052631579,0.0,,1603.2083333333333,21.712500000000002,20.258333333333333,19.941666666666666,19.308333333333334,19.70954420085843,,,,,,
2018-05-25,9507515.0,123.0,3539.0,9507515,19.754166666666666,,1.7625,47.291666666666664,10.125,6.970833333333334,998.6041666666666,1008.5,0.8066666666666666,1.6986666666666668,,,3.1666666666666665,0.6521739130434783,,1318.625,23.441666666666666,21.520833333333332,20.925,19.945833333333333,21.76661199002241,,,,,,
2018-05-26,12090906.0,176.0,3297.7272727272725,12090906,21.479166666666668,,1.4166666666666667,50.25,12.183333333333332,9.791666666666666,998.6125000000001,1008.4625,0.84,1.7906666666666666,,,0.16666666666666666,0.0,,1147.6666666666667,25.7625,22.916666666666668,21.84583333333333,20.525000000000002,23.72959857664949,,,,,,
2018-05-27,2359082.0,40.0,3578.378787878788,2359082,20.85909090909091,,2.0,45.95454545454545,11.368421052631579,8.916666666666666,1000.2909090909092,1010.15,0.32857142857142857,1.1985714285714286,,,8.625,3.3636363636363638,45.785714285714285,1584.6818181818182,24.45909090909091,22.713636363636365,22.181818181818183,21.168181818181818,22.693486520116632,,,,,,
2018-05-28,6971185.0,116.0,3160.5945945945946,6971185,23.025,,1.725,48.0,13.375,11.184999999999999,999.68,1009.4799999999999,0.9230769230769231,2.006153846153846,,,2.642857142857143,1.0,20.333333333333332,1692.65,29.860000000000003,25.285,23.445,21.52,25.214691040868747,,,,,,
2018-05-29,5864955.0,90.0,3188.4266666666667,5864955,21.537499999999998,0.25,1.8708333333333333,66.41666666666667,17.53333333333333,15.319047619047618,1001.2416666666667,1011.1041666666666,0.22666666666666666,0.8893333333333333,,,8.952380952380953,7.0,8.434782608695652,1123.0416666666667,25.15416666666667,23.47083333333333,22.954166666666666,21.97083333333333,23.459063141819822,,,,,,
2018-05-30,4553736.0,82.0,,4553736,20.537499999999998,0.0,1.7750000000000001,69.75,16.508333333333333,14.383333333333333,1000.0375,1009.9,0.6533333333333334,1.4446666666666665,,,6.2631578947368425,4.25,8.411764705882353,945.9166666666666,25.7,23.733333333333334,23.099999999999998,21.97083333333333,22.509206146583185,,,,,,
2018-05-31,3844986.0,64.0,3203.7014925373132,3844986,20.525000000000002,,1.9416666666666667,61.208333333333336,14.166666666666666,11.991304347826087,1001.1875,1011.1,0.86,1.796,,,1.1666666666666667,0.9130434782608695,14.75,1246.2083333333333,27.454166666666666,24.045833333333334,23.254166666666666,22.070833333333336,22.465442415664715,,,,,,
2017-10-01,3192644.0,681.0,,3192644,18.212500000000002,0.2727272727272727,2.2624999999999997,74.375,15.4125,13.408333333333333,1007.475,1017.5375,0.04615384615384615,0.2353846153846154,,,8.952380952380953,2.8333333333333335,15.214285714285714,1070.6666666666667,18.066666666666666,19.691666666666666,20.783333333333335,21.104166666666668,19.74208234761791,,,,,,
2017-10-02,3112435.0,625.0,,3112435,21.7,0.5,2.4208333333333334,65.29166666666667,15.9625,13.945833333333333,1001.0875,1010.9583333333334,0.7846153846153846,0.8615384615384615,,,4.05,2.7083333333333335,9.727272727272727,1755.2083333333333,21.662499999999998,22.454166666666666,21.875,21.2,23.51828646713317,,,,,,
2017-10-03,2547717.0,523.0,,2547717,17.954166666666666,,2.4,52.041666666666664,10.795833333333334,7.820833333333333,1007.5124999999999,1017.5916666666667,0.5153846153846154,0.5530769230769231,,,6.222222222222222,3.25,17.933333333333334,1997.875,18.183333333333334,19.945833333333333,20.787499999999998,21.0625,19.4240128986257,,,,,,
2017-10-04,1347463.0,292.0,,1347463,16.670833333333334,,1.6958333333333335,47.75,8.895833333333334,5.170833333333333,1012.8958333333334,1023.0749999999999,0.6538461538461539,0.7638461538461538,,,5.888888888888889,1.6666666666666667,25.90909090909091,1998.8333333333333,18.216666666666665,19.337500000000002,19.883333333333333,20.1875,18.45714523874198,,,,,,
2017-10-05,2534995.0,531.0,,2534995,18.404166666666665,,2.1625,56.125,11.741666666666667,9.275,1013.225,1023.3416666666667,0.49230769230769234,0.5546153846153846,,,7.055555555555555,2.4583333333333335,19.7,1999.4166666666667,18.925,19.462500000000002,19.854166666666668,20.025000000000002,19.949767919170977,,,,,,
2017-10-06,2695181.0,487.0,,2695181,18.866666666666667,0.1,2.35,63.958333333333336,13.795833333333334,11.666666666666666,1009.3291666666668,1019.3874999999999,0.3538461538461538,0.40923076923076923,,,8.142857142857142,6.791666666666667,24.458333333333332,1899.4583333333333,19.658333333333335,19.954166666666666,20.1875,20.158333333333335,20.419860914586852,,,,,,
2017-10-07,2438571.0,508.0,,2438571,21.370833333333334,0.025,1.1875,70.0,17.216666666666665,15.141666666666666,1009.375,1019.3333333333334,0.47692307692307695,0.7053846153846154,,,7.75,6.208333333333333,13.125,2000.0,23.629166666666666,22.425,21.583333333333332,20.787499999999998,23.680854782655086,,,,,,
2017-10-08,677849.0,156.0,,677849,23.008333333333336,,1.5166666666666666,66.25,18.191666666666666,16.0,1011.9916666666667,1021.9125,0.7692307692307693,0.716923076923077,,,5.944444444444445,3.9583333333333335,17.272727272727273,1881.8333333333333,24.891666666666666,23.666666666666668,22.8625,22.016666666666666,25.142335553615144,,,,,,
2017-10-09,2982171.0,506.0,,2982171,22.579166666666666,0.0,1.4458333333333335,66.375,17.770833333333332,15.612499999999999,1011.4708333333333,1021.4333333333334,0.5,0.556923076923077,,,7.5,5.25,24.47826086956522,1257.2083333333333,24.495833333333334,23.5125,23.0625,22.416666666666668,24.637253615302992,,,,,,
2017-10-10,2252915.0,405.0,,2252915,21.291666666666668,0.02,1.1333333333333333,76.16666666666667,19.1125,16.758333333333333,1008.5791666666668,1018.5083333333333,0.07692307692307693,0.28846153846153844,,,8.65,5.791666666666667,13.285714285714286,883.7916666666666,21.6875,21.95,22.183333333333334,22.1375,23.49967330489092,,,,,,
2017-10-11,2015207.0,375.0,,2015207,16.283333333333335,1.6916666666666667,3.0500000000000003,79.41666666666667,14.970833333333333,12.508333333333333,1007.6083333333332,1017.7541666666666,0.14615384615384613,0.2976923076923077,,,9.5,6.458333333333333,17.40909090909091,1469.375,17.554166666666667,19.483333333333334,20.658333333333335,21.279166666666665,17.395578879201864,,,,,,
2017-10-12,2747769.0,552.0,,2747769,11.59047619047619,,2.0761904761904764,68.57142857142857,9.295238095238094,5.923809523809524,1010.6857142857143,1021.0666666666667,0.0,0.27875,,,8.933333333333334,5.1,31.636363636363637,1986.2380952380952,12.614285714285714,15.433333333333334,17.47142857142857,19.04285714285714,12.781576805857,,,,,,
2017-10-17,2233092.0,463.0,,2233092,16.183333333333334,,1.3916666666666666,45.791666666666664,8.283333333333333,3.9875000000000003,1014.3208333333333,1024.5416666666667,0.8583333333333334,0.8583333333333334,,,0.8333333333333334,1.1666666666666667,53.25,1704.7083333333333,15.941666666666668,16.833333333333332,17.125,17.504166666666666,18.174307573587683,,,,,,
2017-10-20,2016724.0,413.0,,2016724,16.974999999999998,,1.4708333333333334,57.375,10.508333333333335,7.658333333333334,1008.8125,1018.9416666666666,0.8416666666666667,0.8125,,,0.16666666666666666,0.125,13.333333333333334,1783.875,16.554166666666667,17.316666666666666,17.441666666666666,17.445833333333333,18.86098504307158,,,,,,
2017-11-01,2657211.0,64.0,3176.764705882353,2657211,14.216666666666667,,2.1041666666666665,72.41666666666667,11.633333333333333,9.154166666666667,1010.6625,1020.9333333333334,0.16666666666666666,0.245,,,8.38888888888889,5.0,10.583333333333334,1150.875,14.141666666666666,14.291666666666666,14.566666666666668,14.929166666666667,15.590793238330521,,,,,,
2017-11-02,2906975.0,51.0,3143.4477611940297,2906975,15.387500000000001,0.5,1.7291666666666667,78.66666666666667,13.654166666666667,11.5875,1008.0208333333334,1018.1999999999999,0.09999999999999999,0.18999999999999997,,,9.333333333333334,5.833333333333333,8.583333333333334,545.5416666666666,15.075000000000001,15.266666666666666,15.391666666666666,15.508333333333333,17.054295960514626,,,,,,
2017-11-03,3492043.0,65.0,3103.285714285714,3492043,13.14782608695652,0.75,3.134782608695652,68.56521739130434,10.652173913043478,7.017391304347826,1008.6999999999999,1018.9739130434783,0.4916666666666667,0.4366666666666667,,,6.888888888888889,5.478260869565218,9.526315789473685,932.695652173913,12.878260869565217,14.717391304347826,15.360869565217392,15.73913043478261,13.922156463595975,,,,,,
2017-11-04,5205237.0,107.0,3215.219178082192,5205237,7.908333333333334,,2.6125000000000003,48.291666666666664,5.091666666666667,-2.629166666666667,1017.5958333333333,1028.1916666666666,0.8727272727272727,0.7545454545454546,,,3.0555555555555554,2.2083333333333335,13.272727272727273,1020.0416666666666,8.75,11.629166666666668,13.066666666666668,14.379166666666668,8.532887939170783,,,,,,
2017-11-05,4570905.0,93.0,3193.774647887324,4570905,8.120833333333334,,1.4375,49.916666666666664,5.491666666666667,-2.004166666666667,1018.5458333333332,1029.1416666666667,0.5909090909090909,0.51625,,,2.9444444444444446,2.1666666666666665,12.0,1301.5,7.875,10.450000000000001,11.841666666666667,13.2875,9.648594736108265,,,,,,
2017-11-06,2985823.0,54.0,3295.279411764706,2985823,11.2875,,1.6083333333333334,63.75,8.383333333333333,4.3999999999999995,1014.4375,1024.8583333333333,0.5363636363636364,0.5672727272727273,,,6.333333333333333,6.416666666666667,17.727272727272727,1395.3333333333333,11.766666666666666,12.595833333333333,12.995833333333332,13.558333333333332,12.844058587622326,,,,,,
2017-11-07,3217183.0,64.0,3264.7971014492755,3217183,13.695833333333333,,1.4833333333333334,62.083333333333336,9.504166666666666,6.216666666666666,1010.8708333333334,1021.1625,0.3,0.40090909090909094,,,8.5,7.083333333333333,11.238095238095237,1042.6666666666667,14.095833333333333,13.65,13.691666666666668,13.991666666666667,15.389682683291568,,,,,,
2017-11-08,4454199.0,64.0,3185.3333333333335,4454199,13.875,0.0,2.8249999999999997,56.541666666666664,9.0875,3.6875,1009.2624999999999,1019.5124999999999,0.7272727272727273,0.6554545454545454,,,5.15,4.041666666666667,8.461538461538462,1085.9166666666667,14.083333333333334,15.083333333333334,15.145833333333334,15.041666666666666,14.899374044597232,,,,,,
2017-11-09,4274149.0,85.0,3191.455882352941,4274149,9.316666666666666,,1.2208333333333334,40.166666666666664,4.429166666666666,-4.354166666666667,1013.7166666666667,1024.2124999999999,0.8454545454545456,0.6936363636363636,,,0.1111111111111111,0.0,,1486.875,8.808333333333334,11.6625,12.854166666666666,13.920833333333334,11.120066190815827,,,,,,
2017-11-10,4128779.0,73.0,3214.472222222222,4128779,9.991666666666667,3.75,2.8791666666666664,57.291666666666664,7.345833333333334,1.5875000000000001,1005.8249999999999,1016.2125,0.13636363636363635,0.18636363636363634,,,6.888888888888889,3.9583333333333335,14.166666666666666,1365.7916666666667,8.733333333333333,10.745833333333332,12.075000000000001,13.25,10.860204005517984,,,,,,
2017-11-11,6452259.0,133.0,3267.1830985915494,6452259,6.108333333333333,,2.308333333333333,41.625,3.8833333333333333,-6.1125,1010.85,1021.4541666666668,0.7818181818181817,0.7436363636363637,,,0.0,0.0,,1895.5416666666667,5.266666666666667,8.683333333333334,10.225,11.916666666666666,6.77047158081314,,,,,,
2017-11-12,1402177.0,24.0,3119.8214285714284,1402177,5.391666666666667,,1.3458333333333332,56.125,4.920833333333333,-3.0416666666666665,1011.4791666666666,1022.125,0.7818181818181817,0.6109090909090908,,,1.8888888888888888,0.041666666666666664,69.0,1859.0,4.4375,7.483333333333333,9.008333333333333,10.770833333333334,7.0011749985577785,,,,,,
2017-11-17,3665574.0,85.0,3072.969696969697,3665574,3.8157894736842106,0.0,2.289473684210526,35.26315789473684,2.863157894736842,-10.521052631578948,1008.6526315789474,1019.3368421052633,0.0,0.11272727272727273,,,9.38888888888889,6.578947368421052,14.0,1796.6842105263158,2.1999999999999997,4.178947368421053,5.521052631578947,7.342105263157895,4.339244381948268,,,,,,
2017-11-20,4252596.0,111.0,3055.8030303030305,4252596,2.32,0.0,1.46,50.0,3.5799999999999996,-7.63,1014.85,1025.65,0.4571428571428572,0.35000000000000003,,,7.666666666666667,5.8,13.125,1640.0,2.25,3.2222222222222223,3.9,5.466666666666667,3.6412537693026694,,,,,,
2017-12-01,3939181.0,72.0,3157.2615384615383,3939181,1.475,0.0,2.1375,45.625,3.0375,-10.1,1018.9875,1029.8625,0.5285714285714286,0.5914285714285714,,,5.0,4.5,11.0,1849.125,1.1375,1.7375,2.575,4.2,1.9949128534987222,,,,,,
2017-12-02,4519555.0,106.0,3189.2903225806454,4519555,5.092307692307693,,1.7153846153846155,47.84615384615385,4.176923076923076,-5.176923076923076,1015.9692307692308,1026.6615384615384,0.65,0.6525,,,5.0,5.0,14.181818181818182,1676.1538461538462,2.553846153846154,3.223076923076923,3.353846153846154,4.184615384615385,6.166633452418908,,,,,,
2017-12-03,4898723.0,107.0,3167.840579710145,4898723,4.875,1.3333333333333333,1.6125,81.54166666666667,7.0625,1.8833333333333335,1012.75,1023.4083333333333,0.17272727272727273,0.2736363636363636,,,9.05,6.782608695652174,8.666666666666666,455.75,4.5625,4.708333333333333,4.729166666666667,5.083333333333333,5.9917555381961565,,,,,,
2017-12-04,4025235.0,88.0,3142.476923076923,4025235,2.2800000000000002,0.05,2.6399999999999997,72.0,5.37,-3.08,1011.3700000000001,1022.15,1.0,1.13,,,4.75,4.0,9.428571428571429,624.4,2.8600000000000003,4.32,4.9399999999999995,5.64,2.6027372514902973,,,,,,
2017-12-05,3633255.0,82.0,,3633255,,,,,,,,,,,,,,,,,,,,,,,,,,,
2017-12-06,3460627.0,68.0,3158.3561643835615,3460627,2.8,0.5,1.2846153846153845,66.92307692307692,4.823076923076924,-3.715384615384615,1011.4230769230769,1022.1615384615385,0.7625,0.65625,0.8833333333333333,0.5,6.7272727272727275,4.583333333333333,7.9,969.5384615384615,1.4461538461538461,2.3923076923076922,2.7384615384615385,3.6769230769230767,4.518439210788307,,,,,,
2017-12-07,3442479.0,56.0,3242.8382352941176,3442479,2.0166666666666666,0.0,1.5499999999999998,71.5,4.938888888888889,-3.4222222222222225,1011.1500000000001,1021.9333333333333,0.74,0.584,0.7999999999999999,,5.1875,3.7222222222222223,8.5,778.7777777777778,2.3777777777777778,3.4000000000000004,3.5555555555555554,4.127777777777777,3.4370088376416628,,,,,,
2017-12-08,3715125.0,71.0,3139.6666666666665,3715125,,,,,,,,,,,,,,,,,,,,,,,,,,,
2017-12-09,4544869.0,108.0,3113.515625,4544869,2.89,,1.4300000000000002,39.3,2.92,-9.790000000000001,1009.1600000000001,1019.8799999999999,0.7125,0.68375,,,3.25,0.0,,1854.8,0.69,1.09,1.69,2.98,4.271071063080624,,,,,,
2017-12-10,924283.0,23.0,2984.9,924283,1.911764705882353,0.4,2.023529411764706,70.17647058823529,4.976470588235294,-3.1999999999999997,1002.9882352941177,1013.6941176470588,0.26,0.20800000000000002,2.17,1.6,8.214285714285714,6.0588235294117645,9.941176470588236,1003.9411764705883,-0.1,0.8117647058823529,1.711764705882353,2.9,3.0038853247877366,,,,,,
2017-12-11,4536887.0,83.0,3159.0434782608695,4536887,,,,,,,,,,,,,,,,,,,,,,,,,,,
2017-12-12,4045671.0,96.0,2979.714285714286,4045671,,,,,,,,,,,,,,,,,,,,,,,,,,,
2017-12-17,4919885.0,101.0,3178.208955223881,4919885,,,,,,,,,,,,,,,,,,,,,,,,,,,
2017-12-20,4158327.0,76.0,3063.3142857142857,4158327,,,,,,,,,,,,,,,,,,,,,,,,,,,
2018-01-01,7783558.0,148.0,2877.3333333333335,7783558,2.0375,,2.5,26.875,1.9,-15.2375,1016.8875,1027.725,0.8375,0.6825,,,2.625,2.0,20.25,1884.0,0.4875,0.1875,0.3,1.0,2.1837698192503927,,,,,,
2018-01-02,5716978.0,123.0,2929.6666666666665,5716978,1.2,,3.0666666666666664,24.0,1.5999999999999999,-17.233333333333334,1017.5500000000001,1028.45,0.9833333333333334,0.6983333333333334,,,0.6666666666666666,0.0,,1954.0,0.39999999999999997,0.11666666666666668,0.25,1.0,0.8968326929474094,,,,,,
2018-01-03,6112272.0,108.0,2949.782608695652,6112272,,,,,,,,,,,,,,,,,,,,,,,,,,,
2018-01-04,5287000.0,107.0,2952.1,5287000,,,,,,,,,,,,,,,,,,,,,,,,,,,
2018-01-05,5746348.0,105.0,3007.0416666666665,5746348,1.2,,2.425,38.0,2.525,-11.575,1008.825,1019.625,1.0,0.855,,,3.25,0.0,,1472.75,1.075,0.25,-0.125,0.6,1.3396288651530042,,,,,,
2018-01-06,7593994.0,172.0,2955.2083333333335,7593994,1.4666666666666668,,2.1333333333333333,29.5,1.9833333333333334,-14.466666666666667,1012.6,1023.4166666666666,1.0,0.8683333333333333,,,0.0,0.0,,1822.8333333333333,0.8999999999999999,0.20000000000000004,-0.2333333333333333,0.5,1.8619967670755704,,,,,,
2018-01-07,7287678.0,168.0,2970.542857142857,7287678,1.5846153846153848,,0.7846153846153846,35.07692307692308,2.4153846153846152,-12.215384615384616,1009.8384615384615,1020.623076923077,0.2,0.38625,,,9.444444444444445,7.615384615384615,32.07692307692308,1438.6153846153845,0.23076923076923078,-0.06923076923076922,-0.23076923076923078,0.4153846153846154,3.9096862472291125,,,,,,
2018-01-08,5821558.0,125.0,2915.2535211267605,5821558,1.5086956521739132,0.3,1.643478260869565,48.78260869565217,3.2913043478260873,-8.673913043478262,1001.408695652174,1012.1086956521739,0.045454545454545456,0.21727272727272728,0.875,1.0,9.714285714285714,7.2727272727272725,18.043478260869566,1158.2173913043478,0.14782608695652175,0.07391304347826087,-0.017391304347826087,0.4826086956521739,2.8837405152928848,,,,,,
2018-01-09,5582074.0,112.0,2928.231884057971,5582074,,,,,,,,,,,,,,,,,,,,,,,,,,,
2018-01-10,4465716.0,96.0,2971.657142857143,4465716,,,,,,,,,,,,,,,,,,,,,,,,,,,
2018-01-11,5244764.0,139.0,2904.6575342465753,5244764,,,,,,,,,,,,,,,,,,,,,,,,,,,
2018-01-12,5338970.0,139.0,2884.211267605634,5338970,,,,,,,,,,,,,,,,,,,,,,,,,,,
2018-01-18,33421728.0,412.0,2989.184210526316,33421728,2.316666666666667,0.0,1.875,62.541666666666664,4.529166666666667,-4.6000000000000005,1012.4083333333333,1023.1833333333334,0.24,0.304,,,8.5,6.5,17.0,586.2916666666666,0.7833333333333333,0.41250000000000003,0.004166666666666667,0.22083333333333333,3.0795579687639694,,,,,,
2018-01-20,36236928.0,500.0,2999.8933333333334,36236928,3.4529411764705884,,2.011764705882353,56.588235294117645,4.464705882352941,-4.405882352941177,1011.7882352941177,1022.5176470588235,0.4818181818181818,0.41,,,5.923076923076923,5.117647058823529,8.153846153846153,612.0588235294117,0.5294117647058824,0.3176470588235294,0.0058823529411764705,0.43529411764705883,4.407053354195029,,,,,,
2018-02-01,6471928.0,186.0,3144.296875,6471928,0.64,,2.7600000000000002,25.6,1.6199999999999999,-16.9,1017.4200000000001,1028.3200000000002,1.0,0.9960000000000001,0.75,,0.0,0.0,,1981.8,0.9199999999999999,-0.12,-0.96,-0.86,0.46250959826030885,,,,,,
2018-02-02,6292728.0,203.0,3172.1969696969695,6292728,2.1,,2.3714285714285714,29.428571428571427,2.085714285714286,-14.057142857142859,1016.6428571428571,1027.4857142857143,0.8857142857142858,0.7942857142857143,,,0.0,0.0,,1690.0,1.1428571428571428,-0.09999999999999999,-1.0,-0.9,2.3658719586313337,,,,,,
2018-02-03,9186020.0,330.0,,9186020,,,,,,,,,,,,,,,,,,,,,,,,,,,
2018-02-04,8724972.0,351.0,3161.720588235294,8724972,,,,,,,,,,,,,,,,,,,,,,,,,,,
2018-02-05,5444134.0,173.0,3159.9402985074626,5444134,,,,,,,,,,,,,,,,,,,,,,,,,,,
2018-02-06,6475504.0,218.0,3138.847222222222,6475504,,,,,,,,,,,,,,,,,,,,,,,,,,,
2018-02-07,5069130.0,172.0,,5069130,,,,,,,,,,,,,,,,,,,,,,,,,,,
2018-02-08,4306718.0,176.0,3043.621212121212,4306718,1.22,,2.04,25.8,1.72,-16.3,1013.6600000000001,1024.5,1.0,1.6059999999999999,,,0.0,0.0,,1731.2,2.4799999999999995,-0.18,-1.56,-1.72,1.7108484755276727,,,,,,
2018-02-09,5491142.0,165.0,3209.1029411764707,5491142,3.483333333333333,,1.3666666666666665,44.0,3.4,-8.558333333333334,1010.9333333333334,1021.65,0.275,0.69,,,8.75,4.5,16.88888888888889,1045.9166666666667,0.8333333333333334,-0.19999999999999998,-0.8333333333333334,-0.9916666666666667,4.982999696997658,,,,,,
2018-02-10,10726094.0,316.0,3139.68,10726094,1.8705882352941177,,2.4941176470588236,60.705882352941174,4.258823529411765,-6.082352941176471,1010.1,1020.8764705882354,0.5888888888888889,0.9777777777777779,,,8.866666666666667,5.764705882352941,8.214285714285714,721.5882352941177,0.976470588235294,-0.08235294117647059,-0.39999999999999997,-0.5411764705882353,2.227018217741305,,,,,,
2018-02-11,2453308.0,84.0,2993.7818181818184,2453308,,,,,,,,,,,,,,,,,,,,,,,,,,,
2018-02-12,6035029.0,189.0,3148.875,6035029,,,,,,,,,,,,,,,,,,,,,,,,,,,
2018-02-18,6679587.0,244.0,,6679587,2.6727272727272724,,1.8090909090909089,21.818181818181817,1.5818181818181818,-17.509090909090908,1014.4818181818181,1025.2636363636364,0.7555555555555555,1.1244444444444444,,,7.0,0.0,,1987.1818181818182,2.2636363636363637,0.5,-0.3090909090909091,-0.2727272727272727,3.580461773592231,,,,,,
2018-02-20,7161303.0,186.0,3068.347222222222,7161303,2.9,,3.1285714285714286,26.428571428571427,1.9142857142857144,-15.6,1012.4714285714286,1023.2357142857143,0.74,1.2959999999999998,,,4.909090909090909,1.9285714285714286,66.0,1731.857142857143,2.8285714285714287,0.7642857142857142,-0.1285714285714286,-0.19285714285714287,2.7218132024469317,,,,,,
2018-03-01,16926052.0,345.0,3242.641025641026,16926052,1.4500000000000002,0.625,3.5,69.61111111111111,4.783333333333333,-4.488888888888889,997.0777777777779,1007.7277777777776,0.77,1.75,,,6.055555555555555,4.944444444444445,9.176470588235293,1002.0555555555555,3.9166666666666665,2.3333333333333335,0.9500000000000001,-0.01666666666666667,1.169677291040443,,,,,,
2018-03-02,9288077.0,191.0,3231.239436619718,9288077,2.3,,1.8153846153846156,27.53846153846154,1.9307692307692308,-14.853846153846153,1006.6846153846153,1017.3846153846154,0.8777777777777778,1.822222222222222,,,2.0,1.7692307692307692,18.75,1807.076923076923,2.853846153846154,0.8692307692307693,0.29230769230769227,0.05384615384615385,3.308859273530593,,,,,,
2018-03-03,13513518.0,279.0,2976.5285714285715,13513518,7.179166666666667,,1.5958333333333332,33.541666666666664,3.3874999999999997,-9.091666666666667,1003.8916666666668,1014.3791666666666,0.8416666666666667,1.5033333333333332,,,3.5789473684210527,4.0,15.0,1712.9166666666667,5.0,3.8625000000000003,2.004166666666667,0.8083333333333332,8.725141867261014,,,,,,
2018-03-04,12769910.0,284.0,3014.455882352941,12769910,9.833333333333334,0.35714285714285715,1.2291666666666667,89.0,10.720833333333333,8.008333333333333,1003.4375,1013.7916666666666,0.0,0.32666666666666666,,,9.956521739130435,8.833333333333334,5.416666666666667,582.625,7.4750000000000005,5.708333333333333,3.9916666666666667,2.620833333333333,11.779375832886204,,,,,,
2018-03-05,7794338.0,161.0,3293.4657534246576,7794338,6.0375000000000005,2.5,1.9166666666666667,68.58333333333333,6.333333333333333,0.1541666666666667,1006.4541666666668,1017.0,0.5384615384615384,1.0615384615384615,,,7.35,3.2916666666666665,8.263157894736842,1838.0833333333333,6.783333333333334,6.2625,5.116666666666666,3.8208333333333333,6.9602955632908605,,,,,,
2018-03-06,6261607.0,139.0,3105.285714285714,6261607,5.631578947368421,,1.7842105263157895,42.26315789473684,3.6052631578947367,-7.173684210526316,1018.3789473684211,1029.0631578947368,0.9181818181818181,1.6045454545454545,,,3.0,0.2777777777777778,58.0,1863.9473684210527,5.584210526315789,5.3052631578947365,4.352631578947369,3.5315789473684207,6.909921266977935,,,,,,
2018-03-07,5886143.0,129.0,3465.5138888888887,5886143,6.191666666666666,0.0,1.7166666666666668,50.666666666666664,4.729166666666667,-3.6125000000000003,1017.2208333333333,1027.8666666666666,0.23076923076923078,0.8276923076923077,,,8.3,3.0,22.46153846153846,1873.625,4.995833333333334,4.8,4.058333333333334,3.5375,7.302159422347337,,,,,,
2018-03-08,4425947.0,100.0,,4425947,4.729166666666667,0.9,2.033333333333333,77.79166666666667,6.5874999999999995,0.975,1009.5666666666666,1020.1999999999999,0.3923076923076923,0.7923076923076924,,,8.65,7.260869565217392,5.863636363636363,826.25,5.920833333333333,5.6625000000000005,5.116666666666666,4.395833333333333,5.7773916348774,,,,,,
2018-03-09,6092943.0,148.0,3114.054794520548,6092943,4.604166666666667,,1.5125,62.041666666666664,5.175,-2.3000000000000003,1012.3375,1022.9875000000001,0.3923076923076923,0.7861538461538461,,,7.388888888888889,6.208333333333333,11.6,1083.6666666666667,4.8625,5.041666666666667,4.8125,4.458333333333333,5.975254725074549,,,,,,
2018-03-10,10014676.0,226.0,3370.5,10014676,4.354166666666667,,1.9500000000000002,65.04166666666667,5.291666666666667,-2.0625,1013.375,1024.0625,0.6076923076923078,1.2653846153846153,,,3.0,3.9565217391304346,7.5,980.8333333333334,5.325,5.1375,4.733333333333333,4.354166666666667,5.444893768424184,,,,,,
2018-03-11,3091723.0,66.0,3073.7454545454543,3091723,6.6125,,1.9416666666666667,53.333333333333336,4.8625,-3.8833333333333333,1014.6291666666666,1025.2458333333334,0.7538461538461539,1.393076923076923,,,3.5,3.2916666666666665,4.083333333333333,945.125,7.4875,7.3374999999999995,6.470833333333334,5.5249999999999995,7.593225280374322,,,,,,
2018-03-12,14869862.0,260.0,3374.3055555555557,14869862,7.7875000000000005,,1.4000000000000001,44.458333333333336,4.7,-3.8000000000000003,1012.1083333333332,1022.6374999999999,0.5769230769230769,1.0707692307692307,,,4.111111111111111,3.2083333333333335,12.333333333333334,812.7916666666666,6.550000000000001,6.766666666666667,6.191666666666666,5.654166666666666,9.672017048775468,,,,,,
2018-03-18,11178668.0,213.0,3151.4133333333334,11178668,8.066666666666666,0.0,1.1708333333333334,53.833333333333336,5.75,-1.0166666666666666,1011.2791666666667,1021.7833333333333,0.0,0.5530769230769231,,,9.727272727272727,8.608695652173912,27.083333333333332,845.625,8.379166666666666,8.549999999999999,8.445833333333333,8.299999999999999,9.851623216482913,,,,,,
2018-03-20,6547012.0,132.0,3473.8732394366198,6547012,5.041666666666667,,3.4583333333333335,40.583333333333336,3.5666666666666664,-7.283333333333334,1012.8791666666666,1023.5333333333333,0.4153846153846154,1.1046153846153846,,,6.666666666666667,1.9583333333333333,36.0,1996.7916666666667,5.370833333333334,6.508333333333333,7.008333333333333,7.266666666666667,4.843866682375938,,,,,,
2018-04-01,54898579.0,823.0,3520.9529411764706,54898579,15.183333333333332,,1.5708333333333335,68.91666666666667,12.016666666666666,9.370833333333334,1006.5124999999999,1016.6666666666666,0.1,0.5576923076923077,,,9.222222222222221,7.380952380952381,7.125,831.8333333333334,14.479166666666666,13.966666666666667,13.191666666666668,12.454166666666666,17.05828652482486,,,,,,
2018-04-02,32946915.0,474.0,,32946915,18.216666666666665,,2.004166666666667,65.54166666666667,13.320833333333333,11.2125,1005.4125,1015.4541666666668,0.43076923076923074,1.0876923076923077,,,6.722222222222222,5.541666666666667,11.727272727272727,1099.4583333333333,17.470833333333335,16.304166666666667,14.833333333333334,13.370833333333332,19.98085554373726,,,,,,
2018-04-03,22623058.0,341.0,3433.4712643678163,22623058,17.958333333333332,0.0,2.1125000000000003,70.29166666666667,14.299999999999999,12.279166666666667,1006.4875000000001,1016.5291666666667,0.06153846153846154,0.5292307692307692,,,9.05,8.347826086956522,7.375,1157.625,16.9875,16.291666666666668,15.241666666666667,14.104166666666666,19.58229447886602,,,,,,
2018-04-04,17850340.0,249.0,,17850340,13.737499999999999,2.325,1.825,70.08333333333333,10.804166666666667,7.645833333333333,1007.1999999999999,1017.4375,0.6153846153846154,1.5046153846153847,,,6.95,4.956521739130435,10.3,1555.75,16.075,16.054166666666667,15.379166666666668,14.333333333333334,15.179508552932317,,,,,,
2018-04-05,15767998.0,243.0,3562.5875,15767998,7.795833333333333,0.5263157894736842,1.9875,87.33333333333333,9.133333333333333,5.575,1006.25,1016.7041666666668,0.0,0.16538461538461538,,,9.772727272727273,7.291666666666667,8.304347826086957,1145.9583333333333,8.9,10.495833333333334,11.9125,12.737499999999999,8.763806026048231,,,,,,
2018-04-06,40862275.0,553.0,3555.1724137931033,40862275,6.304166666666667,1.0,3.0374999999999996,74.04166666666667,7.1000000000000005,1.5791666666666666,1001.0375,1011.5208333333334,0.3076923076923077,0.8607692307692307,,,8.956521739130435,7.125,7.0,848.4583333333334,8.924999999999999,9.841666666666667,10.641666666666667,11.137500000000001,6.662813182946347,,,,,,
2018-04-07,47852539.0,703.0,3545.313953488372,47852539,4.208333333333333,0.05,4.0,46.0,3.670833333333333,-7.2375,1002.9291666666667,1013.5083333333333,0.6923076923076923,1.4030769230769233,,,6.7368421052631575,3.9166666666666665,11.2,1597.9583333333333,6.470833333333334,7.9875,9.054166666666665,9.862499999999999,3.6736236317234714,,,,,,
2018-04-08,8450128.0,118.0,3587.772151898734,8450128,3.8125,0.42857142857142855,1.7333333333333334,56.958333333333336,4.470833333333333,-4.8625,1004.7083333333334,1015.3249999999999,0.2357142857142857,0.5664285714285714,,,6.0,4.521739130434782,10.642857142857142,1578.9166666666667,4.520833333333333,6.0,7.408333333333334,8.591666666666667,4.819591898609791,,,,,,
2018-04-09,22736076.0,326.0,3467.8117647058825,22736076,7.479166666666667,,1.05,60.291666666666664,5.466666666666666,-1.7208333333333332,1007.2875,1017.7833333333333,0.6785714285714286,1.5371428571428571,,,3.888888888888889,1.6818181818181819,3.8,926.0,9.991666666666667,9.616666666666665,9.091666666666667,8.7875,9.527159390939758,,,,,,
2018-04-10,23815901.0,353.0,3505.25,23815901,14.654166666666667,1.6666666666666667,3.4333333333333336,46.958333333333336,8.091666666666667,2.845833333333333,1000.9041666666667,1011.0375,0.45,1.2514285714285713,,,6.15,1.826086956521739,10.625,1625.4166666666667,13.145833333333334,12.4375,11.2875,10.454166666666667,16.05050935692973,,,,,,
2018-04-11,28230833.0,382.0,3551.885057471264,28230833,12.866666666666667,,3.0083333333333333,53.375,7.595833333333334,2.120833333333333,1000.1,1010.2958333333332,0.8428571428571429,1.7757142857142856,,,2.5,2.0454545454545454,6.083333333333333,1331.5416666666667,14.716666666666667,14.5625,13.633333333333333,12.391666666666666,13.788329015418988,,,,,,
2018-04-12,20876800.0,291.0,3571.2045454545455,20876800,13.029166666666667,,2.5749999999999997,32.416666666666664,4.5249999999999995,-4.641666666666667,1007.1,1017.35,0.8571428571428571,1.7542857142857142,,,1.2222222222222223,0.25,,1885.75,13.083333333333334,13.204166666666666,12.820833333333333,12.279166666666667,14.268144452868114,,,,,,
2018-04-18,25387266.0,364.0,3504.7816091954023,25387266,12.379166666666668,,1.9416666666666667,35.416666666666664,4.825,-3.4166666666666665,1007.5749999999999,1017.8625000000001,0.8,1.6726666666666667,,,0.6111111111111112,0.0,,1497.7916666666667,15.595833333333333,13.795833333333334,13.308333333333332,12.737499999999999,13.856812625192484,,,,,,
2018-04-20,32728366.0,424.0,3483.7386363636365,32728366,18.0625,,1.3208333333333333,45.791666666666664,9.020833333333334,5.395833333333333,1009.4166666666666,1019.5083333333333,0.7533333333333334,1.512,,,0.2222222222222222,0.09523809523809523,11.75,789.7083333333334,20.095833333333335,16.983333333333334,15.466666666666667,14.1875,20.290171243617092,,,,,,
2018-05-01,22300262.0,328.0,3520.190476190476,22300262,20.341666666666665,0.0,1.4375,72.79166666666667,17.191666666666666,15.120833333333332,1003.9625000000001,1013.8916666666668,0.21333333333333335,0.828,,,8.555555555555555,7.304347826086956,12.791666666666666,456.4583333333333,22.554166666666664,20.258333333333333,19.091666666666665,17.816666666666666,22.402997537824106,,,,,,
2018-05-02,10298779.0,142.0,3520.9,10298779,16.070833333333333,0.6666666666666666,1.8583333333333334,88.95833333333333,16.349999999999998,14.145833333333334,995.1708333333332,1005.1666666666666,0.0,0.16466666666666666,,,10.0,6.625,7.958333333333333,490.5,16.2,17.179166666666667,17.587500000000002,17.337500000000002,17.690112499593727,,,,,,
2018-05-03,10701161.0,164.0,3552.0,10701161,11.016666666666666,0.16666666666666666,2.783333333333333,64.95833333333333,8.279166666666667,4.166666666666667,997.1541666666667,1007.3958333333334,0.5466666666666666,0.8119999999999999,,,5.0,4.2272727272727275,13.933333333333334,1786.2083333333333,11.3125,13.254166666666668,14.345833333333333,14.983333333333334,11.893764043025433,,,,,,
2018-05-04,10334970.0,175.0,3590.170731707317,10334970,13.8375,,2.6875,46.833333333333336,7.054166666666667,1.9375,1001.1,1011.25,0.8266666666666667,1.8173333333333335,,,1.5,0.391304347826087,58.5,1815.7916666666667,16.425,15.333333333333334,14.920833333333334,14.595833333333333,15.06609850895927,,,,,,
2018-05-05,11634741.0,223.0,3238.945945945946,11634741,17.729166666666668,,2.725,46.791666666666664,9.3125,5.6875,1004.7166666666667,1014.75,0.7333333333333333,1.4840000000000002,,,4.666666666666667,1.434782608695652,30.0,1848.75,19.929166666666667,17.4875,16.541666666666668,15.708333333333334,19.21678310404061,,,,,,
2018-05-06,7940303.0,166.0,3221.625,7940303,16.916666666666668,1.4666666666666666,1.0999999999999999,84.04166666666667,15.983333333333334,13.975,998.2166666666667,1008.2333333333332,0.21333333333333335,0.6206666666666667,,,9.6,5.916666666666667,14.347826086956522,1222.375,17.458333333333332,17.491666666666667,17.183333333333334,16.575,19.035589044685842,,,,,,
2018-05-07,8071378.0,171.0,3291.74358974359,8071378,18.991666666666667,,1.2041666666666668,62.708333333333336,12.975,10.737499999999999,996.4083333333333,1006.3208333333333,0.47333333333333333,1.18,,,7.888888888888889,2.9166666666666665,42.333333333333336,1703.9166666666667,18.825,18.808333333333334,17.775000000000002,16.829166666666666,21.218926061166915,,,,,,
2018-05-08,5624675.0,93.0,,5624675,17.758333333333333,,1.7041666666666666,52.083333333333336,10.404166666666667,7.445833333333333,1003.1750000000001,1013.2125,0.7533333333333334,1.55,,,4.333333333333333,1.5416666666666667,14.5,1939.1666666666667,20.879166666666666,19.204166666666666,18.504166666666666,17.554166666666667,19.465317580797066,,,,,,
2018-05-09,4286917.0,74.0,3531.013698630137,4286917,15.458333333333334,,1.6958333333333335,50.041666666666664,8.554166666666667,4.633333333333334,1010.4666666666667,1020.6625,0.84,1.7846666666666666,,,0.16666666666666666,0.13043478260869565,10.0,1958.7916666666667,21.1875,18.795833333333334,18.270833333333332,17.5125,17.15841933374399,,,,,,
2018-05-10,5733788.0,93.0,3353.3684210526317,5733788,15.470833333333333,,2.254166666666667,65.83333333333333,11.270833333333334,8.700000000000001,1012.1541666666667,1022.3625000000001,0.8200000000000001,1.7686666666666668,,,1.2777777777777777,1.1304347826086956,5.0,1099.9583333333333,21.933333333333334,19.383333333333333,18.8625,17.979166666666668,16.96235630090598,,,,,,
2018-05-11,6613581.0,115.0,,6613581,15.8125,,1.7125000000000001,63.5,10.991666666666667,8.2875,1008.5791666666668,1018.7291666666666,0.35333333333333333,1.2466666666666666,,,9.333333333333334,6.958333333333333,14.761904761904763,689.4583333333334,22.0625,19.883333333333333,19.291666666666668,18.441666666666666,17.559190574294316,,,,,,
2018-05-12,7193272.0,130.0,3176.43661971831,7193272,14.220833333333333,1.5,0.9833333333333334,85.20833333333333,13.720833333333333,11.408333333333333,1000.4916666666667,1010.6583333333333,0.0,0.08800000000000001,,,10.0,7.875,7.666666666666667,425.0416666666667,14.704166666666666,15.954166666666666,16.929166666666667,17.366666666666667,16.312740416129426,,,,,,
2018-05-18,3515554.0,66.0,3396.6849315068494,3515554,16.895833333333332,0.5,1.3041666666666667,89.20833333333333,17.266666666666666,14.966666666666667,995.2624999999999,1005.2416666666667,0.02666666666666667,0.376,,,9.75,9.043478260869565,3.217391304347826,1087.5416666666667,18.537499999999998,19.45,19.904166666666665,19.8125,18.822263780911275,,,,,,
2018-05-20,4371838.0,90.0,3220.1617647058824,4371838,17.0625,,1.3875,33.833333333333336,6.383333333333333,0.55,1009.1333333333333,1019.2458333333334,0.28,0.9613333333333334,,,5.777777777777778,0.875,40.0,2000.0,16.900000000000002,17.554166666666667,18.329166666666666,18.683333333333334,18.971029255376543,,,,,,
